<?xml version="1.0" encoding="UTF-8"?>
<project-private xmlns="http://www.netbeans.org/ns/project-private/1">
    <editor-bookmarks xmlns="http://www.netbeans.org/ns/editor-bookmarks/2" lastBookmarkId="0"/>
    <open-files xmlns="http://www.netbeans.org/ns/projectui-open-files/2">
        <group>
            <file>file:/Users/louiscauquelin/CoolBeansProjects/JAVAPROJECT%60%60%20copie/src/vue/AjoutNotePopUp.java</file>
            <file>file:/Users/louiscauquelin/CoolBeansProjects/JAVAPROJECT%60%60%20copie/src/vue/Index.java</file>
            <file>file:/Users/louiscauquelin/CoolBeansProjects/JAVAPROJECT%60%60%20copie/src/vue/Inscription.java</file>
            <file>file:/Users/louiscauquelin/CoolBeansProjects/JAVAPROJECT%60%60%20copie/src/vue/AjoutClasse.java</file>
            <file>file:/Users/louiscauquelin/CoolBeansProjects/JAVAPROJECT%60%60%20copie/src/vue/DetailBulletin.java</file>
            <file>file:/Users/louiscauquelin/CoolBeansProjects/JAVAPROJECT%60%60%20copie/src/modele/Discipline.java</file>
            <file>file:/Users/louiscauquelin/CoolBeansProjects/JAVAPROJECT%60%60%20copie/src/vue/Student.java</file>
            <file>file:/Users/louiscauquelin/CoolBeansProjects/JAVAPROJECT%60%60%20copie/src/controleur/Main.java</file>
            <file>file:/Users/louiscauquelin/CoolBeansProjects/JAVAPROJECT%60%60%20copie/src/modele/AnneeScolaire.java</file>
            <file>file:/Users/louiscauquelin/CoolBeansProjects/JAVAPROJECT%60%60%20copie/src/vue/Classes.java</file>
            <file>file:/Users/louiscauquelin/CoolBeansProjects/JAVAPROJECT%60%60%20copie/src/vue/Home.java</file>
            <file>file:/Users/louiscauquelin/CoolBeansProjects/JAVAPROJECT%60%60%20copie/src/vue/AjoutNote.java</file>
        </group>
    </open-files>
</project-private>
